ts_name;time;unit;value;class
TS5;2020-05-12T18:00:00;Value;3230;0
TS5;2020-05-12T19:00:00;Value;2793;0
TS5;2020-05-12T20:00:00;Value;1945;0
TS5;2020-05-12T21:00:00;Value;2716;0
TS5;2020-05-12T22:00:00;Value;2103;0
TS5;2020-05-12T23:00:00;Value;1795;0
TS5;2020-05-13T00:00:00;Value;2840;0
TS5;2020-05-13T01:00:00;Value;2653;0
TS5;2020-05-13T02:00:00;Value;2819;0
TS5;2020-05-13T03:00:00;Value;1706;0
TS5;2020-05-13T04:00:00;Value;1801;0
TS5;2020-05-13T05:00:00;Value;3271;0
TS5;2020-05-13T06:00:00;Value;2001;0
TS5;2020-05-13T07:00:00;Value;1678;0
TS5;2020-05-13T08:00:00;Value;1703;0
TS5;2020-05-13T09:00:00;Value;2441;0
TS5;2020-05-13T10:00:00;Value;2304;0
TS5;2020-05-13T11:00:00;Value;3124;0
TS5;2020-05-13T12:00:00;Value;3605;0
TS5;2020-05-13T13:00:00;Value;2985;0
TS5;2020-05-13T14:00:00;Value;2934;0
TS5;2020-05-13T15:00:00;Value;3044;0
TS5;2020-05-13T16:00:00;Value;3463;0
TS5;2020-05-13T17:00:00;Value;3199;0
TS5;2020-05-13T18:00:00;Value;2684;0
TS5;2020-05-13T19:00:00;Value;3317;0
TS5;2020-05-13T20:00:00;Value;2159;0
TS5;2020-05-13T21:00:00;Value;2043;0
TS5;2020-05-13T22:00:00;Value;2003;0
TS5;2020-05-13T23:00:00;Value;2260;0
TS5;2020-05-14T00:00:00;Value;3522;0
TS5;2020-05-14T01:00:00;Value;1840;0
TS5;2020-05-14T02:00:00;Value;1820;0
TS5;2020-05-14T03:00:00;Value;1856;0
TS5;2020-05-14T04:00:00;Value;1715;0
TS5;2020-05-14T05:00:00;Value;1695;0
TS5;2020-05-14T06:00:00;Value;2254;0
TS5;2020-05-14T07:00:00;Value;1652;0
TS5;2020-05-14T08:00:00;Value;1602;0
TS5;2020-05-14T09:00:00;Value;1792;0
TS5;2020-05-14T10:00:00;Value;1954;0
TS5;2020-05-14T11:00:00;Value;1808;0
TS5;2020-05-14T12:00:00;Value;1629;0
TS5;2020-05-14T13:00:00;Value;2140;0
TS5;2020-05-14T14:00:00;Value;2390;0
TS5;2020-05-14T15:00:00;Value;1707;0
TS5;2020-05-14T16:00:00;Value;1901;0
TS5;2020-05-14T17:00:00;Value;1820;0
TS5;2020-05-14T18:00:00;Value;2167;0
TS5;2020-05-14T19:00:00;Value;2063;0
TS5;2020-05-14T20:00:00;Value;2184;0
TS5;2020-05-14T21:00:00;Value;1981;0
TS5;2020-05-14T22:00:00;Value;1813;0
TS5;2020-05-14T23:00:00;Value;2033;0
TS5;2020-05-15T00:00:00;Value;1629;0
TS5;2020-05-15T01:00:00;Value;1485;0
TS5;2020-05-15T02:00:00;Value;1527;0
TS5;2020-05-15T03:00:00;Value;2561;0
TS5;2020-05-15T04:00:00;Value;1523;0
TS5;2020-05-15T05:00:00;Value;1446;0
TS5;2020-05-15T06:00:00;Value;1499;0
TS5;2020-05-15T07:00:00;Value;1368;0
TS5;2020-05-15T08:00:00;Value;1426;0
TS5;2020-05-15T09:00:00;Value;3528;0
TS5;2020-05-15T10:00:00;Value;2279;0
TS5;2020-05-15T11:00:00;Value;1421;0
TS5;2020-05-15T12:00:00;Value;2008;0
TS5;2020-05-15T13:00:00;Value;1429;0
TS5;2020-05-15T14:00:00;Value;1497;0
TS5;2020-05-15T15:00:00;Value;1604;0
TS5;2020-05-15T16:00:00;Value;1595;0
TS5;2020-05-15T17:00:00;Value;2217;0
TS5;2020-05-15T18:00:00;Value;1580;0
TS5;2020-05-15T19:00:00;Value;1466;0
TS5;2020-05-15T20:00:00;Value;1717;0
TS5;2020-05-15T21:00:00;Value;1564;0
TS5;2020-05-15T22:00:00;Value;1752;0
TS5;2020-05-15T23:00:00;Value;1598;0
TS5;2020-05-16T00:00:00;Value;1842;0
TS5;2020-05-16T01:00:00;Value;3066;0
TS5;2020-05-16T02:00:00;Value;2272;0
TS5;2020-05-16T03:00:00;Value;4344;0
TS5;2020-05-16T04:00:00;Value;3242;0
TS5;2020-05-16T05:00:00;Value;2291;0
TS5;2020-05-16T06:00:00;Value;2240;0
TS5;2020-05-16T07:00:00;Value;2012;0
TS5;2020-05-16T08:00:00;Value;2305;0
TS5;2020-05-16T09:00:00;Value;2295;0
TS5;2020-05-16T10:00:00;Value;2370;0
TS5;2020-05-16T11:00:00;Value;3066;0
TS5;2020-05-16T12:00:00;Value;3132;0
TS5;2020-05-16T13:00:00;Value;3006;0
TS5;2020-05-16T14:00:00;Value;3101;0
TS5;2020-05-16T15:00:00;Value;3739;0
TS5;2020-05-16T16:00:00;Value;3933;0
TS5;2020-05-16T17:00:00;Value;4537;0
TS5;2020-05-16T18:00:00;Value;3856;0
TS5;2020-05-16T19:00:00;Value;2862;0
TS5;2020-05-16T20:00:00;Value;2449;0
TS5;2020-05-16T21:00:00;Value;2222;0
TS5;2020-05-16T22:00:00;Value;2159;0
TS5;2020-05-16T23:00:00;Value;2486;0
TS5;2020-05-17T00:00:00;Value;3148;0
TS5;2020-05-17T01:00:00;Value;3207;0
TS5;2020-05-17T02:00:00;Value;2057;0
TS5;2020-05-17T03:00:00;Value;2029;0
TS5;2020-05-17T04:00:00;Value;3127;0
TS5;2020-05-17T05:00:00;Value;2597;0
TS5;2020-05-17T06:00:00;Value;2350;0
TS5;2020-05-17T07:00:00;Value;2364;0
TS5;2020-05-17T08:00:00;Value;2095;0
TS5;2020-05-17T09:00:00;Value;2978;0
TS5;2020-05-17T10:00:00;Value;2743;0
TS5;2020-05-17T11:00:00;Value;2668;0
TS5;2020-05-17T12:00:00;Value;3054;0
TS5;2020-05-17T13:00:00;Value;3733;0
TS5;2020-05-17T14:00:00;Value;4312;0
TS5;2020-05-17T15:00:00;Value;4112;0
TS5;2020-05-17T16:00:00;Value;3541;0
TS5;2020-05-17T17:00:00;Value;3901;0
TS5;2020-05-17T18:00:00;Value;4371;0
TS5;2020-05-17T19:00:00;Value;4099;0
TS5;2020-05-17T20:00:00;Value;3039;0
TS5;2020-05-17T21:00:00;Value;3197;0
TS5;2020-05-17T22:00:00;Value;2346;0
TS5;2020-05-17T23:00:00;Value;2285;0
TS5;2020-05-18T00:00:00;Value;2313;0
TS5;2020-05-18T01:00:00;Value;3216;0
TS5;2020-05-18T02:00:00;Value;3860;0
TS5;2020-05-18T03:00:00;Value;4781;0
TS5;2020-05-18T04:00:00;Value;2957;0
TS5;2020-05-18T05:00:00;Value;2171;0
TS5;2020-05-18T06:00:00;Value;2856;0
TS5;2020-05-18T07:00:00;Value;2714;0
TS5;2020-05-18T08:00:00;Value;2602;0
TS5;2020-05-18T09:00:00;Value;2331;0
TS5;2020-05-18T10:00:00;Value;3586;0
TS5;2020-05-18T11:00:00;Value;3363;0
TS5;2020-05-18T12:00:00;Value;3879;0
TS5;2020-05-18T13:00:00;Value;3556;0
TS5;2020-05-18T14:00:00;Value;4381;0
TS5;2020-05-18T15:00:00;Value;4777;0
TS5;2020-05-18T16:00:00;Value;4879;0
TS5;2020-05-18T17:00:00;Value;3553;0
TS5;2020-05-18T18:00:00;Value;3177;0
TS5;2020-05-18T19:00:00;Value;2727;0
TS5;2020-05-18T20:00:00;Value;2758;0
TS5;2020-05-18T21:00:00;Value;4124;0
TS5;2020-05-18T22:00:00;Value;3076;0
TS5;2020-05-18T23:00:00;Value;2291;0
TS5;2020-05-19T00:00:00;Value;2482;0
TS5;2020-05-19T01:00:00;Value;2537;0
TS5;2020-05-19T02:00:00;Value;2434;0
TS5;2020-05-19T03:00:00;Value;2608;0
TS5;2020-05-19T04:00:00;Value;2614;0
TS5;2020-05-19T05:00:00;Value;2904;0
TS5;2020-05-19T06:00:00;Value;2204;0
TS5;2020-05-19T07:00:00;Value;2326;0
TS5;2020-05-19T08:00:00;Value;3002;0
TS5;2020-05-19T09:00:00;Value;3472;0
TS5;2020-05-19T10:00:00;Value;3496;0
TS5;2020-05-19T11:00:00;Value;3168;0
TS5;2020-05-19T12:00:00;Value;4268;0
TS5;2020-05-19T13:00:00;Value;4350;0
TS5;2020-05-19T14:00:00;Value;3555;0
TS5;2020-05-19T15:00:00;Value;4986;0
TS5;2020-05-19T16:00:00;Value;4576;0
TS5;2020-05-19T17:00:00;Value;4451;0
TS5;2020-05-19T18:00:00;Value;3627;0
TS5;2020-05-19T19:00:00;Value;3485;0
TS5;2020-05-19T20:00:00;Value;3046;0
TS5;2020-05-19T21:00:00;Value;2657;0
TS5;2020-05-19T22:00:00;Value;2423;0
TS5;2020-05-19T23:00:00;Value;2374;0
TS5;2020-05-20T00:00:00;Value;2493;0
TS5;2020-05-20T01:00:00;Value;2495;0
TS5;2020-05-20T02:00:00;Value;2189;0
TS5;2020-05-20T03:00:00;Value;2214;0
TS5;2020-05-20T04:00:00;Value;2374;0
TS5;2020-05-20T05:00:00;Value;3230;0
TS5;2020-05-20T06:00:00;Value;2132;0
TS5;2020-05-20T07:00:00;Value;3042;0
TS5;2020-05-20T08:00:00;Value;2053;0
TS5;2020-05-20T09:00:00;Value;2349;0
TS5;2020-05-20T10:00:00;Value;3381;0
TS5;2020-05-20T11:00:00;Value;3436;0
TS5;2020-05-20T12:00:00;Value;3280;0
TS5;2020-05-20T13:00:00;Value;4357;0
TS5;2020-05-20T14:00:00;Value;4522;0
TS5;2020-05-20T15:00:00;Value;4094;0
TS5;2020-05-20T16:00:00;Value;3296;0
TS5;2020-05-20T17:00:00;Value;4129;0
TS5;2020-05-20T18:00:00;Value;3036;0
TS5;2020-05-20T19:00:00;Value;2628;0
TS5;2020-05-20T20:00:00;Value;2296;0
TS5;2020-05-20T21:00:00;Value;2221;0
TS5;2020-05-20T22:00:00;Value;1991;0
TS5;2020-05-20T23:00:00;Value;2778;0
TS5;2020-05-21T00:00:00;Value;2511;0
TS5;2020-05-21T01:00:00;Value;2103;0
TS5;2020-05-21T02:00:00;Value;2111;0
TS5;2020-05-21T03:00:00;Value;2055;0
TS5;2020-05-21T04:00:00;Value;1930;0
TS5;2020-05-21T05:00:00;Value;2456;0
TS5;2020-05-21T06:00:00;Value;2952;0
TS5;2020-05-21T07:00:00;Value;2147;0
TS5;2020-05-21T08:00:00;Value;2051;0
TS5;2020-05-21T09:00:00;Value;2281;0
TS5;2020-05-21T10:00:00;Value;2102;0
TS5;2020-05-21T11:00:00;Value;2062;0
TS5;2020-05-21T12:00:00;Value;2796;0
TS5;2020-05-21T13:00:00;Value;2005;0
TS5;2020-05-21T14:00:00;Value;2075;0
TS5;2020-05-21T15:00:00;Value;2058;0
TS5;2020-05-21T16:00:00;Value;2733;0
TS5;2020-05-21T17:00:00;Value;2170;0
TS5;2020-05-21T18:00:00;Value;2282;0
TS5;2020-05-21T19:00:00;Value;2178;0
TS5;2020-05-21T20:00:00;Value;2283;0
TS5;2020-05-21T21:00:00;Value;2097;0
TS5;2020-05-21T22:00:00;Value;2738;0
TS5;2020-05-21T23:00:00;Value;2678;0
TS5;2020-05-22T00:00:00;Value;2404;0
TS5;2020-05-22T01:00:00;Value;1497;0
TS5;2020-05-22T02:00:00;Value;1496;0
TS5;2020-05-22T03:00:00;Value;1935;0
TS5;2020-05-22T04:00:00;Value;1521;0
TS5;2020-05-22T05:00:00;Value;2879;0
TS5;2020-05-22T06:00:00;Value;1561;0
TS5;2020-05-22T07:00:00;Value;1381;0
TS5;2020-05-22T08:00:00;Value;1826;0
TS5;2020-05-22T09:00:00;Value;1896;0
TS5;2020-05-22T10:00:00;Value;2083;0
TS5;2020-05-22T11:00:00;Value;1792;0
TS5;2020-05-22T12:00:00;Value;3258;0
TS5;2020-05-22T13:00:00;Value;2265;0
TS5;2020-05-22T14:00:00;Value;2775;0
TS5;2020-05-22T15:00:00;Value;1545;0
TS5;2020-05-22T16:00:00;Value;1818;0
TS5;2020-05-22T17:00:00;Value;1481;0
TS5;2020-05-22T18:00:00;Value;1677;0
TS5;2020-05-22T19:00:00;Value;1858;0
TS5;2020-05-22T20:00:00;Value;1643;0
TS5;2020-05-22T21:00:00;Value;1582;0
TS5;2020-05-22T22:00:00;Value;1611;0
TS5;2020-05-22T23:00:00;Value;1803;0
TS5;2020-05-23T00:00:00;Value;2121;0
TS5;2020-05-23T01:00:00;Value;2375;0
TS5;2020-05-23T02:00:00;Value;1866;0
TS5;2020-05-23T03:00:00;Value;2398;0
TS5;2020-05-23T04:00:00;Value;2577;0
TS5;2020-05-23T05:00:00;Value;1801;0
TS5;2020-05-23T06:00:00;Value;1840;0
TS5;2020-05-23T07:00:00;Value;1985;0
TS5;2020-05-23T08:00:00;Value;2041;0
TS5;2020-05-23T09:00:00;Value;2075;0
TS5;2020-05-23T10:00:00;Value;2564;0
TS5;2020-05-23T11:00:00;Value;2734;0
TS5;2020-05-23T12:00:00;Value;3143;0
TS5;2020-05-23T13:00:00;Value;3119;0
TS5;2020-05-23T14:00:00;Value;3590;0
TS5;2020-05-23T15:00:00;Value;3893;0
TS5;2020-05-23T16:00:00;Value;3264;0
TS5;2020-05-23T17:00:00;Value;3963;0
TS5;2020-05-23T18:00:00;Value;2757;0
TS5;2020-05-23T19:00:00;Value;2306;0
TS5;2020-05-23T20:00:00;Value;2549;0
TS5;2020-05-23T21:00:00;Value;2212;0
TS5;2020-05-23T22:00:00;Value;2286;0
TS5;2020-05-23T23:00:00;Value;2979;0
TS5;2020-05-24T00:00:00;Value;3158;0
TS5;2020-05-24T01:00:00;Value;2645;0
TS5;2020-05-24T02:00:00;Value;3161;0
TS5;2020-05-24T03:00:00;Value;4460;0
TS5;2020-05-24T04:00:00;Value;2630;0
TS5;2020-05-24T05:00:00;Value;2593;0
TS5;2020-05-24T06:00:00;Value;2625;0
TS5;2020-05-24T07:00:00;Value;4834;0
TS5;2020-05-24T08:00:00;Value;4056;0
TS5;2020-05-24T09:00:00;Value;5713;0
TS5;2020-05-24T10:00:00;Value;3940;0
TS5;2020-05-24T11:00:00;Value;4414;0
TS5;2020-05-24T12:00:00;Value;5044;0
TS5;2020-05-24T13:00:00;Value;3894;0
TS5;2020-05-24T14:00:00;Value;3993;0
TS5;2020-05-24T15:00:00;Value;4404;0
TS5;2020-05-24T16:00:00;Value;4072;0
TS5;2020-05-24T17:00:00;Value;4182;0
TS5;2020-05-24T18:00:00;Value;3351;0
TS5;2020-05-24T19:00:00;Value;4183;0
TS5;2020-05-24T20:00:00;Value;4068;0
TS5;2020-05-24T21:00:00;Value;8139;0
TS5;2020-05-24T22:00:00;Value;11000;0
TS5;2020-05-24T23:00:00;Value;2975;0
TS5;2020-05-25T00:00:00;Value;2692;0
TS5;2020-05-25T01:00:00;Value;2502;0
TS5;2020-05-25T02:00:00;Value;2510;0
TS5;2020-05-25T03:00:00;Value;2663;0
TS5;2020-05-25T04:00:00;Value;3575;0
TS5;2020-05-25T05:00:00;Value;2586;0
TS5;2020-05-25T06:00:00;Value;2908;0
TS5;2020-05-25T07:00:00;Value;3530;0
TS5;2020-05-25T08:00:00;Value;2776;0
TS5;2020-05-25T09:00:00;Value;2962;0
TS5;2020-05-25T10:00:00;Value;3441;0
TS5;2020-05-25T11:00:00;Value;4376;0
TS5;2020-05-25T12:00:00;Value;3857;0
TS5;2020-05-25T13:00:00;Value;4685;0
TS5;2020-05-25T14:00:00;Value;4585;0
TS5;2020-05-25T15:00:00;Value;3542;0
TS5;2020-05-25T16:00:00;Value;3370;0
TS5;2020-05-25T17:00:00;Value;3515;0
TS5;2020-05-25T18:00:00;Value;3793;0
TS5;2020-05-25T19:00:00;Value;2954;0
TS5;2020-05-25T20:00:00;Value;2627;0
TS5;2020-05-25T21:00:00;Value;2550;0
TS5;2020-05-25T22:00:00;Value;2480;0
TS5;2020-05-25T23:00:00;Value;2521;0
TS5;2020-05-26T00:00:00;Value;2860;0
TS5;2020-05-26T01:00:00;Value;3675;0
TS5;2020-05-26T02:00:00;Value;2704;0
TS5;2020-05-26T03:00:00;Value;3121;0
TS5;2020-05-26T04:00:00;Value;2603;0
TS5;2020-05-26T05:00:00;Value;3984;0
TS5;2020-05-26T06:00:00;Value;2537;0
TS5;2020-05-26T07:00:00;Value;3349;0
TS5;2020-05-26T08:00:00;Value;3958;0
TS5;2020-05-26T09:00:00;Value;4243;0
TS5;2020-05-26T10:00:00;Value;4159;0
TS5;2020-05-26T11:00:00;Value;5637;0
TS5;2020-05-26T12:00:00;Value;8142;0
TS5;2020-05-26T13:00:00;Value;5713;0
TS5;2020-05-26T14:00:00;Value;3668;0
TS5;2020-05-26T15:00:00;Value;4307;0
TS5;2020-05-26T16:00:00;Value;4354;0
TS5;2020-05-26T17:00:00;Value;4262;0
TS5;2020-05-26T18:00:00;Value;3446;0
TS5;2020-05-26T19:00:00;Value;2677;0
TS5;2020-05-26T20:00:00;Value;4450;0
TS5;2020-05-26T21:00:00;Value;3044;0
TS5;2020-05-26T22:00:00;Value;3428;0
TS5;2020-05-26T23:00:00;Value;2845;0
TS5;2020-05-27T00:00:00;Value;2781;0
TS5;2020-05-27T01:00:00;Value;2743;0
TS5;2020-05-27T02:00:00;Value;4470;0
TS5;2020-05-27T03:00:00;Value;2596;0
TS5;2020-05-27T04:00:00;Value;3249;0
TS5;2020-05-27T05:00:00;Value;2529;0
TS5;2020-05-27T06:00:00;Value;2452;0
TS5;2020-05-27T07:00:00;Value;2934;0
TS5;2020-05-27T08:00:00;Value;3159;0
TS5;2020-05-27T09:00:00;Value;3974;0
TS5;2020-05-27T10:00:00;Value;4305;0
TS5;2020-05-27T11:00:00;Value;5012;0
TS5;2020-05-27T12:00:00;Value;4455;0
TS5;2020-05-27T13:00:00;Value;4108;0
TS5;2020-05-27T14:00:00;Value;4339;0
TS5;2020-05-27T15:00:00;Value;5056;0
TS5;2020-05-27T16:00:00;Value;5573;0
TS5;2020-05-27T17:00:00;Value;3366;0
TS5;2020-05-27T18:00:00;Value;2559;0
TS5;2020-05-27T19:00:00;Value;1999;0
TS5;2020-05-27T20:00:00;Value;1993;0
TS5;2020-05-27T21:00:00;Value;1913;0
TS5;2020-05-27T22:00:00;Value;1760;0
TS5;2020-05-27T23:00:00;Value;1890;0
TS5;2020-05-28T00:00:00;Value;2469;0
TS5;2020-05-28T01:00:00;Value;2133;0
TS5;2020-05-28T02:00:00;Value;3359;0
TS5;2020-05-28T03:00:00;Value;3783;0
TS5;2020-05-28T04:00:00;Value;1809;0
TS5;2020-05-28T05:00:00;Value;2143;0
TS5;2020-05-28T06:00:00;Value;2567;0
TS5;2020-05-28T07:00:00;Value;2176;0
TS5;2020-05-28T08:00:00;Value;1929;0
TS5;2020-05-28T09:00:00;Value;2244;0
TS5;2020-05-28T10:00:00;Value;1810;0
TS5;2020-05-28T11:00:00;Value;2088;0
TS5;2020-05-28T12:00:00;Value;2371;0
TS5;2020-05-28T13:00:00;Value;1843;0
TS5;2020-05-28T14:00:00;Value;2668;0
TS5;2020-05-28T15:00:00;Value;2309;0
TS5;2020-05-28T16:00:00;Value;1998;0
TS5;2020-05-28T17:00:00;Value;2480;0
TS5;2020-05-28T18:00:00;Value;2147;0
TS5;2020-05-28T19:00:00;Value;1802;0
TS5;2020-05-28T20:00:00;Value;1789;0
TS5;2020-05-28T21:00:00;Value;1999;0
TS5;2020-05-28T22:00:00;Value;2142;0
TS5;2020-05-28T23:00:00;Value;1904;0
TS5;2020-05-29T00:00:00;Value;1876;0
TS5;2020-05-29T01:00:00;Value;2434;0
TS5;2020-05-29T02:00:00;Value;2472;0
TS5;2020-05-29T03:00:00;Value;1744;0
TS5;2020-05-29T04:00:00;Value;2404;0
TS5;2020-05-29T05:00:00;Value;1971;0
TS5;2020-05-29T06:00:00;Value;1713;0
TS5;2020-05-29T07:00:00;Value;1765;0
TS5;2020-05-29T08:00:00;Value;3156;0
TS5;2020-05-29T09:00:00;Value;1954;0
TS13;2020-05-12T18:00:00;Value;10813;0
TS13;2020-05-12T19:00:00;Value;11392;0
TS13;2020-05-12T20:00:00;Value;11097;0
TS13;2020-05-12T21:00:00;Value;10153;0
TS13;2020-05-12T22:00:00;Value;8897;0
TS13;2020-05-12T23:00:00;Value;7222;0
TS13;2020-05-13T00:00:00;Value;6181;0
TS13;2020-05-13T01:00:00;Value;5069;0
TS13;2020-05-13T02:00:00;Value;4630;0
TS13;2020-05-13T03:00:00;Value;4317;0
TS13;2020-05-13T04:00:00;Value;5125;0
TS13;2020-05-13T05:00:00;Value;6823;0
TS13;2020-05-13T06:00:00;Value;8798;0
TS13;2020-05-13T07:00:00;Value;9957;0
TS13;2020-05-13T08:00:00;Value;10781;0
TS13;2020-05-13T09:00:00;Value;11100;0
TS13;2020-05-13T10:00:00;Value;10802;0
TS13;2020-05-13T11:00:00;Value;10999;0
TS13;2020-05-13T12:00:00;Value;10261;0
TS13;2020-05-13T13:00:00;Value;10433;0
TS13;2020-05-13T14:00:00;Value;10494;0
TS13;2020-05-13T15:00:00;Value;10321;0
TS13;2020-05-13T16:00:00;Value;10460;0
TS13;2020-05-13T17:00:00;Value;9995;0
TS13;2020-05-13T18:00:00;Value;9929;0
TS13;2020-05-13T19:00:00;Value;9576;0
TS13;2020-05-13T20:00:00;Value;9593;0
TS13;2020-05-13T21:00:00;Value;9347;0
TS13;2020-05-13T22:00:00;Value;8116;0
TS13;2020-05-13T23:00:00;Value;6498;0
TS13;2020-05-14T00:00:00;Value;5589;0
TS13;2020-05-14T01:00:00;Value;4671;0
TS13;2020-05-14T02:00:00;Value;4181;0
TS13;2020-05-14T03:00:00;Value;3955;0
TS13;2020-05-14T04:00:00;Value;4031;0
TS13;2020-05-14T05:00:00;Value;4888;0
TS13;2020-05-14T06:00:00;Value;6666;0
TS13;2020-05-14T07:00:00;Value;8468;0
TS13;2020-05-14T08:00:00;Value;9652;0
TS13;2020-05-14T09:00:00;Value;9956;0
TS13;2020-05-14T10:00:00;Value;9772;0
TS13;2020-05-14T11:00:00;Value;9709;0
TS13;2020-05-14T12:00:00;Value;9338;0
TS13;2020-05-14T13:00:00;Value;9031;0
TS13;2020-05-14T14:00:00;Value;8756;0
TS13;2020-05-14T15:00:00;Value;8633;0
TS13;2020-05-14T16:00:00;Value;8587;0
TS13;2020-05-14T17:00:00;Value;8073;0
TS13;2020-05-14T18:00:00;Value;7920;0
TS13;2020-05-14T19:00:00;Value;7869;0
TS13;2020-05-14T20:00:00;Value;8184;0
TS13;2020-05-14T21:00:00;Value;7889;0
TS13;2020-05-14T22:00:00;Value;6978;0
TS13;2020-05-14T23:00:00;Value;6003;0
TS13;2020-05-15T00:00:00;Value;5114;0
TS13;2020-05-15T01:00:00;Value;4581;0
TS13;2020-05-15T02:00:00;Value;4128;0
TS13;2020-05-15T03:00:00;Value;3972;0
TS13;2020-05-15T04:00:00;Value;4175;0
TS13;2020-05-15T05:00:00;Value;4689;0
TS13;2020-05-15T06:00:00;Value;6218;0
TS13;2020-05-15T07:00:00;Value;7878;0
TS13;2020-05-15T08:00:00;Value;9151;0
TS13;2020-05-15T09:00:00;Value;9567;0
TS13;2020-05-15T10:00:00;Value;9578;0
TS13;2020-05-15T11:00:00;Value;9449;0
TS13;2020-05-15T12:00:00;Value;9201;0
TS13;2020-05-15T13:00:00;Value;9463;0
TS13;2020-05-15T14:00:00;Value;9311;0
TS13;2020-05-15T15:00:00;Value;9151;0
TS13;2020-05-15T16:00:00;Value;8675;0
TS13;2020-05-15T17:00:00;Value;8688;0
TS13;2020-05-15T18:00:00;Value;8936;0
TS13;2020-05-15T19:00:00;Value;9364;0
TS13;2020-05-15T20:00:00;Value;9081;0
TS13;2020-05-15T21:00:00;Value;8402;0
TS13;2020-05-15T22:00:00;Value;7043;0
TS13;2020-05-15T23:00:00;Value;5973;0
TS13;2020-05-16T00:00:00;Value;5234;0
TS13;2020-05-16T01:00:00;Value;5669;0
TS13;2020-05-16T02:00:00;Value;5142;0
TS13;2020-05-16T03:00:00;Value;4897;0
TS13;2020-05-16T04:00:00;Value;5537;0
TS13;2020-05-16T05:00:00;Value;7149;0
TS13;2020-05-16T06:00:00;Value;9097;0
TS13;2020-05-16T07:00:00;Value;10757;0
TS13;2020-05-16T08:00:00;Value;12010;0
TS13;2020-05-16T09:00:00;Value;12498;0
TS13;2020-05-16T10:00:00;Value;12824;0
TS13;2020-05-16T11:00:00;Value;12838;0
TS13;2020-05-16T12:00:00;Value;12682;0
TS13;2020-05-16T13:00:00;Value;11937;0
TS13;2020-05-16T14:00:00;Value;12037;0
TS13;2020-05-16T15:00:00;Value;12083;0
TS13;2020-05-16T16:00:00;Value;12014;0
TS13;2020-05-16T17:00:00;Value;11981;0
TS13;2020-05-16T18:00:00;Value;12135;0
TS13;2020-05-16T19:00:00;Value;12359;0
TS13;2020-05-16T20:00:00;Value;12574;0
TS13;2020-05-16T21:00:00;Value;11417;0
TS13;2020-05-16T22:00:00;Value;9791;0
TS13;2020-05-16T23:00:00;Value;8298;0
TS13;2020-05-17T00:00:00;Value;6743;0
TS13;2020-05-17T01:00:00;Value;5713;0
TS13;2020-05-17T02:00:00;Value;5177;0
TS13;2020-05-17T03:00:00;Value;5102;0
TS13;2020-05-17T04:00:00;Value;5723;0
TS13;2020-05-17T05:00:00;Value;7427;0
TS13;2020-05-17T06:00:00;Value;9136;0
TS13;2020-05-17T07:00:00;Value;10514;0
TS13;2020-05-17T08:00:00;Value;11731;0
TS13;2020-05-17T09:00:00;Value;11736;0
TS13;2020-05-17T10:00:00;Value;12132;0
TS13;2020-05-17T11:00:00;Value;11736;0
TS13;2020-05-17T12:00:00;Value;11450;0
TS13;2020-05-17T13:00:00;Value;11348;0
TS13;2020-05-17T14:00:00;Value;12107;0
TS13;2020-05-17T15:00:00;Value;12543;0
TS13;2020-05-17T16:00:00;Value;11104;0
TS13;2020-05-17T17:00:00;Value;11489;0
TS13;2020-05-17T18:00:00;Value;11572;0
TS13;2020-05-17T19:00:00;Value;12143;0
TS13;2020-05-17T20:00:00;Value;12351;0
TS13;2020-05-17T21:00:00;Value;11157;0
TS13;2020-05-17T22:00:00;Value;9373;0
TS13;2020-05-17T23:00:00;Value;7762;0
TS13;2020-05-18T00:00:00;Value;6629;0
TS13;2020-05-18T01:00:00;Value;6099;0
TS13;2020-05-18T02:00:00;Value;5256;0
TS13;2020-05-18T03:00:00;Value;5075;0
TS13;2020-05-18T04:00:00;Value;5459;0
TS13;2020-05-18T05:00:00;Value;6913;0
TS13;2020-05-18T06:00:00;Value;8929;0
TS13;2020-05-18T07:00:00;Value;10267;0
TS13;2020-05-18T08:00:00;Value;11179;0
TS13;2020-05-18T09:00:00;Value;11562;0
TS13;2020-05-18T10:00:00;Value;11498;0
TS13;2020-05-18T11:00:00;Value;11637;0
TS13;2020-05-18T12:00:00;Value;11361;0
TS13;2020-05-18T13:00:00;Value;10468;0
TS13;2020-05-18T14:00:00;Value;10566;0
TS13;2020-05-18T15:00:00;Value;11084;0
TS13;2020-05-18T16:00:00;Value;10916;0
TS13;2020-05-18T17:00:00;Value;11436;0
TS13;2020-05-18T18:00:00;Value;11515;0
TS13;2020-05-18T19:00:00;Value;12083;0
TS13;2020-05-18T20:00:00;Value;12261;0
TS13;2020-05-18T21:00:00;Value;11418;0
TS13;2020-05-18T22:00:00;Value;9898;0
TS13;2020-05-18T23:00:00;Value;8434;0
TS13;2020-05-19T00:00:00;Value;7067;0
TS13;2020-05-19T01:00:00;Value;6040;0
TS13;2020-05-19T02:00:00;Value;5293;0
TS13;2020-05-19T03:00:00;Value;5266;0
TS13;2020-05-19T04:00:00;Value;6083;0
TS13;2020-05-19T05:00:00;Value;7676;0
TS13;2020-05-19T06:00:00;Value;9711;0
TS13;2020-05-19T07:00:00;Value;11486;0
TS13;2020-05-19T08:00:00;Value;12887;0
TS13;2020-05-19T09:00:00;Value;13049;0
TS13;2020-05-19T10:00:00;Value;13092;0
TS13;2020-05-19T11:00:00;Value;13388;0
TS13;2020-05-19T12:00:00;Value;12892;0
TS13;2020-05-19T13:00:00;Value;12399;0
TS13;2020-05-19T14:00:00;Value;12267;0
TS13;2020-05-19T15:00:00;Value;12504;0
TS13;2020-05-19T16:00:00;Value;12317;0
TS13;2020-05-19T17:00:00;Value;12477;0
TS13;2020-05-19T18:00:00;Value;12396;0
TS13;2020-05-19T19:00:00;Value;12797;0
TS13;2020-05-19T20:00:00;Value;12768;0
TS13;2020-05-19T21:00:00;Value;12033;0
TS13;2020-05-19T22:00:00;Value;10140;0
TS13;2020-05-19T23:00:00;Value;8285;0
TS13;2020-05-20T00:00:00;Value;7148;0
TS13;2020-05-20T01:00:00;Value;5492;0
TS13;2020-05-20T02:00:00;Value;5043;0
TS13;2020-05-20T03:00:00;Value;4900;0
TS13;2020-05-20T04:00:00;Value;5328;0
TS13;2020-05-20T05:00:00;Value;6973;0
TS13;2020-05-20T06:00:00;Value;8853;0
TS13;2020-05-20T07:00:00;Value;10266;0
TS13;2020-05-20T08:00:00;Value;11168;0
TS13;2020-05-20T09:00:00;Value;11436;0
TS13;2020-05-20T10:00:00;Value;11343;0
TS13;2020-05-20T11:00:00;Value;11197;0
TS13;2020-05-20T12:00:00;Value;10615;0
TS13;2020-05-20T13:00:00;Value;10625;0
TS13;2020-05-20T14:00:00;Value;10690;0
TS13;2020-05-20T15:00:00;Value;10775;0
TS13;2020-05-20T16:00:00;Value;10773;0
TS13;2020-05-20T17:00:00;Value;10489;0
TS13;2020-05-20T18:00:00;Value;10419;0
TS13;2020-05-20T19:00:00;Value;10369;0
TS13;2020-05-20T20:00:00;Value;10525;0
TS13;2020-05-20T21:00:00;Value;10060;0
TS13;2020-05-20T22:00:00;Value;9104;0
TS13;2020-05-20T23:00:00;Value;7776;0
TS13;2020-05-21T00:00:00;Value;6449;0
TS13;2020-05-21T01:00:00;Value;5921;0
TS13;2020-05-21T02:00:00;Value;5241;0
TS13;2020-05-21T03:00:00;Value;4742;0
TS13;2020-05-21T04:00:00;Value;5063;0
TS13;2020-05-21T05:00:00;Value;5961;0
TS13;2020-05-21T06:00:00;Value;8194;0
TS13;2020-05-21T07:00:00;Value;10751;0
TS13;2020-05-21T08:00:00;Value;12214;0
TS13;2020-05-21T09:00:00;Value;13467;0
TS13;2020-05-21T10:00:00;Value;13647;0
TS13;2020-05-21T11:00:00;Value;12687;0
TS13;2020-05-21T12:00:00;Value;11665;0
TS13;2020-05-21T13:00:00;Value;11454;0
TS13;2020-05-21T14:00:00;Value;10779;0
TS13;2020-05-21T15:00:00;Value;10746;0
TS13;2020-05-21T16:00:00;Value;10369;0
TS13;2020-05-21T17:00:00;Value;10229;0
TS13;2020-05-21T18:00:00;Value;10117;0
TS13;2020-05-21T19:00:00;Value;9967;0
TS13;2020-05-21T20:00:00;Value;10334;0
TS13;2020-05-21T21:00:00;Value;9823;0
TS13;2020-05-21T22:00:00;Value;8809;0
TS13;2020-05-21T23:00:00;Value;7609;0
TS13;2020-05-22T00:00:00;Value;6617;0
TS13;2020-05-22T01:00:00;Value;4414;0
TS13;2020-05-22T02:00:00;Value;4137;0
TS13;2020-05-22T03:00:00;Value;3838;0
TS13;2020-05-22T04:00:00;Value;3924;0
TS13;2020-05-22T05:00:00;Value;4486;0
TS13;2020-05-22T06:00:00;Value;5690;0
TS13;2020-05-22T07:00:00;Value;6818;0
TS13;2020-05-22T08:00:00;Value;7862;0
TS13;2020-05-22T09:00:00;Value;8642;0
TS13;2020-05-22T10:00:00;Value;8357;0
TS13;2020-05-22T11:00:00;Value;8392;0
TS13;2020-05-22T12:00:00;Value;8442;0
TS13;2020-05-22T13:00:00;Value;8270;0
TS13;2020-05-22T14:00:00;Value;8305;0
TS13;2020-05-22T15:00:00;Value;8062;0
TS13;2020-05-22T16:00:00;Value;7724;0
TS13;2020-05-22T17:00:00;Value;7511;0
TS13;2020-05-22T18:00:00;Value;7920;0
TS13;2020-05-22T19:00:00;Value;8539;0
TS13;2020-05-22T20:00:00;Value;8082;0
TS13;2020-05-22T21:00:00;Value;7008;0
TS13;2020-05-22T22:00:00;Value;6089;0
TS13;2020-05-22T23:00:00;Value;5227;0
TS13;2020-05-23T00:00:00;Value;5048;0
TS13;2020-05-23T01:00:00;Value;4738;0
TS13;2020-05-23T02:00:00;Value;4599;0
TS13;2020-05-23T03:00:00;Value;5140;0
TS13;2020-05-23T04:00:00;Value;6252;0
TS13;2020-05-23T05:00:00;Value;7527;0
TS13;2020-05-23T06:00:00;Value;8938;0
TS13;2020-05-23T07:00:00;Value;10176;0
TS13;2020-05-23T08:00:00;Value;10675;0
TS13;2020-05-23T09:00:00;Value;10977;0
TS13;2020-05-23T10:00:00;Value;11201;0
TS13;2020-05-23T11:00:00;Value;11133;0
TS13;2020-05-23T12:00:00;Value;10906;0
TS13;2020-05-23T13:00:00;Value;10752;0
TS13;2020-05-23T14:00:00;Value;11158;0
TS13;2020-05-23T15:00:00;Value;10443;0
TS13;2020-05-23T16:00:00;Value;10800;0
TS13;2020-05-23T17:00:00;Value;10852;0
TS13;2020-05-23T18:00:00;Value;11257;0
TS13;2020-05-23T19:00:00;Value;11287;0
TS13;2020-05-23T20:00:00;Value;10763;0
TS13;2020-05-23T21:00:00;Value;9256;0
TS13;2020-05-23T22:00:00;Value;7395;0
TS13;2020-05-23T23:00:00;Value;6139;0
TS13;2020-05-24T00:00:00;Value;6263;0
TS13;2020-05-24T01:00:00;Value;5431;0
TS13;2020-05-24T02:00:00;Value;5366;0
TS13;2020-05-24T03:00:00;Value;5895;0
TS13;2020-05-24T04:00:00;Value;7174;0
TS13;2020-05-24T05:00:00;Value;9067;0
TS13;2020-05-24T06:00:00;Value;10747;0
TS13;2020-05-24T07:00:00;Value;12136;0
TS13;2020-05-24T08:00:00;Value;12663;0
TS13;2020-05-24T09:00:00;Value;13437;0
TS13;2020-05-24T10:00:00;Value;13188;0
TS13;2020-05-24T11:00:00;Value;13375;0
TS13;2020-05-24T12:00:00;Value;12774;0
TS13;2020-05-24T13:00:00;Value;12842;0
TS13;2020-05-24T14:00:00;Value;12547;0
TS13;2020-05-24T15:00:00;Value;12545;0
TS13;2020-05-24T16:00:00;Value;12597;0
TS13;2020-05-24T17:00:00;Value;12448;0
TS13;2020-05-24T18:00:00;Value;13026;0
TS13;2020-05-24T19:00:00;Value;13505;0
TS13;2020-05-24T20:00:00;Value;12458;0
TS13;2020-05-24T21:00:00;Value;10931;0
TS13;2020-05-24T22:00:00;Value;8590;0
TS13;2020-05-24T23:00:00;Value;7068;0
TS13;2020-05-25T00:00:00;Value;5585;0
TS13;2020-05-25T01:00:00;Value;4872;0
TS13;2020-05-25T02:00:00;Value;4803;0
TS13;2020-05-25T03:00:00;Value;4970;0
TS13;2020-05-25T04:00:00;Value;5823;0
TS13;2020-05-25T05:00:00;Value;7360;0
TS13;2020-05-25T06:00:00;Value;8727;0
TS13;2020-05-25T07:00:00;Value;9630;0
TS13;2020-05-25T08:00:00;Value;10011;0
TS13;2020-05-25T09:00:00;Value;10056;0
TS13;2020-05-25T10:00:00;Value;10030;0
TS13;2020-05-25T11:00:00;Value;9609;0
TS13;2020-05-25T12:00:00;Value;9616;0
TS13;2020-05-25T13:00:00;Value;9744;0
TS13;2020-05-25T14:00:00;Value;11515;0
TS13;2020-05-25T15:00:00;Value;11683;0
TS13;2020-05-25T16:00:00;Value;10884;0
TS13;2020-05-25T17:00:00;Value;11383;0
TS13;2020-05-25T18:00:00;Value;11333;0
TS13;2020-05-25T19:00:00;Value;11566;0
TS13;2020-05-25T20:00:00;Value;11238;0
TS13;2020-05-25T21:00:00;Value;9373;0
TS13;2020-05-25T22:00:00;Value;7666;0
TS13;2020-05-25T23:00:00;Value;6522;0
TS13;2020-05-26T00:00:00;Value;6096;0
TS13;2020-05-26T01:00:00;Value;5245;0
TS13;2020-05-26T02:00:00;Value;5009;0
TS13;2020-05-26T03:00:00;Value;5743;0
TS13;2020-05-26T04:00:00;Value;6967;0
TS13;2020-05-26T05:00:00;Value;8777;0
TS13;2020-05-26T06:00:00;Value;10241;0
TS13;2020-05-26T07:00:00;Value;11452;0
TS13;2020-05-26T08:00:00;Value;12113;0
TS13;2020-05-26T09:00:00;Value;12386;0
TS13;2020-05-26T10:00:00;Value;12071;0
TS13;2020-05-26T11:00:00;Value;11656;0
TS13;2020-05-26T12:00:00;Value;11999;0
TS13;2020-05-26T13:00:00;Value;11699;0
TS13;2020-05-26T14:00:00;Value;12126;0
TS13;2020-05-26T15:00:00;Value;12142;0
TS13;2020-05-26T16:00:00;Value;11784;0
TS13;2020-05-26T17:00:00;Value;11856;0
TS13;2020-05-26T18:00:00;Value;12308;0
TS13;2020-05-26T19:00:00;Value;12423;0
TS13;2020-05-26T20:00:00;Value;11613;0
TS13;2020-05-26T21:00:00;Value;9835;0
TS13;2020-05-26T22:00:00;Value;7970;0
TS13;2020-05-26T23:00:00;Value;6503;0
TS13;2020-05-27T00:00:00;Value;5710;0
TS13;2020-05-27T01:00:00;Value;5097;0
TS13;2020-05-27T02:00:00;Value;4726;0
TS13;2020-05-27T03:00:00;Value;5189;0
TS13;2020-05-27T04:00:00;Value;6634;0
TS13;2020-05-27T05:00:00;Value;8154;0
TS13;2020-05-27T06:00:00;Value;9780;0
TS13;2020-05-27T07:00:00;Value;10875;0
TS13;2020-05-27T08:00:00;Value;11413;0
TS13;2020-05-27T09:00:00;Value;11834;0
TS13;2020-05-27T10:00:00;Value;11658;0
TS13;2020-05-27T11:00:00;Value;11369;0
TS13;2020-05-27T12:00:00;Value;10849;0
TS13;2020-05-27T13:00:00;Value;11319;0
TS13;2020-05-27T14:00:00;Value;11211;0
TS13;2020-05-27T15:00:00;Value;11357;0
TS13;2020-05-27T16:00:00;Value;11009;0
TS13;2020-05-27T17:00:00;Value;11081;0
TS13;2020-05-27T18:00:00;Value;10800;0
TS13;2020-05-27T19:00:00;Value;11021;0
TS13;2020-05-27T20:00:00;Value;10375;0
TS13;2020-05-27T21:00:00;Value;9452;0
TS13;2020-05-27T22:00:00;Value;8037;0
TS13;2020-05-27T23:00:00;Value;6644;0
TS13;2020-05-28T00:00:00;Value;5924;0
TS13;2020-05-28T01:00:00;Value;5159;0
TS13;2020-05-28T02:00:00;Value;4842;0
TS13;2020-05-28T03:00:00;Value;4858;0
TS13;2020-05-28T04:00:00;Value;5251;0
TS13;2020-05-28T05:00:00;Value;6904;0
TS13;2020-05-28T06:00:00;Value;9092;0
TS13;2020-05-28T07:00:00;Value;10947;0
TS13;2020-05-28T08:00:00;Value;11981;0
TS13;2020-05-28T09:00:00;Value;12480;0
TS13;2020-05-28T10:00:00;Value;12019;0
TS13;2020-05-28T11:00:00;Value;11779;0
TS13;2020-05-28T12:00:00;Value;11544;0
TS13;2020-05-28T13:00:00;Value;11185;0
TS13;2020-05-28T14:00:00;Value;11075;0
TS13;2020-05-28T15:00:00;Value;10932;0
TS13;2020-05-28T16:00:00;Value;10374;0
TS13;2020-05-28T17:00:00;Value;10337;0
TS13;2020-05-28T18:00:00;Value;10259;0
TS13;2020-05-28T19:00:00;Value;10594;0
TS13;2020-05-28T20:00:00;Value;10282;0
TS13;2020-05-28T21:00:00;Value;9428;0
TS13;2020-05-28T22:00:00;Value;7994;0
TS13;2020-05-28T23:00:00;Value;6689;0
TS13;2020-05-29T00:00:00;Value;5622;0
TS13;2020-05-29T01:00:00;Value;5002;0
TS13;2020-05-29T02:00:00;Value;4764;0
TS13;2020-05-29T03:00:00;Value;4625;0
TS13;2020-05-29T04:00:00;Value;4985;0
TS13;2020-05-29T05:00:00;Value;6419;0
TS13;2020-05-29T06:00:00;Value;8730;0
TS13;2020-05-29T07:00:00;Value;10708;0
TS13;2020-05-29T08:00:00;Value;11853;0
TS13;2020-05-29T09:00:00;Value;12238;0
TS15;2020-05-12T18:00:00;Value;11145;0
TS15;2020-05-12T19:00:00;Value;11704;0
TS15;2020-05-12T20:00:00;Value;11349;0
TS15;2020-05-12T21:00:00;Value;10441;0
TS15;2020-05-12T22:00:00;Value;9120;0
TS15;2020-05-12T23:00:00;Value;7468;0
TS15;2020-05-13T00:00:00;Value;6401;0
TS15;2020-05-13T01:00:00;Value;5267;0
TS15;2020-05-13T02:00:00;Value;4793;0
TS15;2020-05-13T03:00:00;Value;4442;0
TS15;2020-05-13T04:00:00;Value;5254;0
TS15;2020-05-13T05:00:00;Value;7012;0
TS15;2020-05-13T06:00:00;Value;9003;0
TS15;2020-05-13T07:00:00;Value;10225;0
TS15;2020-05-13T08:00:00;Value;11024;0
TS15;2020-05-13T09:00:00;Value;11375;0
TS15;2020-05-13T10:00:00;Value;11089;0
TS15;2020-05-13T11:00:00;Value;11309;0
TS15;2020-05-13T12:00:00;Value;10552;0
TS15;2020-05-13T13:00:00;Value;10712;0
TS15;2020-05-13T14:00:00;Value;10774;0
TS15;2020-05-13T15:00:00;Value;10633;0
TS15;2020-05-13T16:00:00;Value;10779;0
TS15;2020-05-13T17:00:00;Value;10271;0
TS15;2020-05-13T18:00:00;Value;10251;0
TS15;2020-05-13T19:00:00;Value;9877;0
TS15;2020-05-13T20:00:00;Value;9837;0
TS15;2020-05-13T21:00:00;Value;9628;0
TS15;2020-05-13T22:00:00;Value;8388;0
TS15;2020-05-13T23:00:00;Value;6665;0
TS15;2020-05-14T00:00:00;Value;5825;0
TS15;2020-05-14T01:00:00;Value;4802;0
TS15;2020-05-14T02:00:00;Value;4350;0
TS15;2020-05-14T03:00:00;Value;4100;0
TS15;2020-05-14T04:00:00;Value;4156;0
TS15;2020-05-14T05:00:00;Value;5020;0
TS15;2020-05-14T06:00:00;Value;6828;0
TS15;2020-05-14T07:00:00;Value;8695;0
TS15;2020-05-14T08:00:00;Value;9942;0
TS15;2020-05-14T09:00:00;Value;10325;0
TS15;2020-05-14T10:00:00;Value;10074;0
TS15;2020-05-14T11:00:00;Value;9963;0
TS15;2020-05-14T12:00:00;Value;9602;0
TS15;2020-05-14T13:00:00;Value;9302;0
TS15;2020-05-14T14:00:00;Value;9015;0
TS15;2020-05-14T15:00:00;Value;8868;0
TS15;2020-05-14T16:00:00;Value;8824;0
TS15;2020-05-14T17:00:00;Value;8309;0
TS15;2020-05-14T18:00:00;Value;8157;0
TS15;2020-05-14T19:00:00;Value;8096;0
TS15;2020-05-14T20:00:00;Value;8467;0
TS15;2020-05-14T21:00:00;Value;8114;0
TS15;2020-05-14T22:00:00;Value;7208;0
TS15;2020-05-14T23:00:00;Value;6152;0
TS15;2020-05-15T00:00:00;Value;5327;0
TS15;2020-05-15T01:00:00;Value;4704;0
TS15;2020-05-15T02:00:00;Value;4272;0
TS15;2020-05-15T03:00:00;Value;4123;0
TS15;2020-05-15T04:00:00;Value;4295;0
TS15;2020-05-15T05:00:00;Value;4877;0
TS15;2020-05-15T06:00:00;Value;6409;0
TS15;2020-05-15T07:00:00;Value;8055;0
TS15;2020-05-15T08:00:00;Value;9422;0
TS15;2020-05-15T09:00:00;Value;9812;0
TS15;2020-05-15T10:00:00;Value;9786;0
TS15;2020-05-15T11:00:00;Value;9714;0
TS15;2020-05-15T12:00:00;Value;9458;0
TS15;2020-05-15T13:00:00;Value;9777;0
TS15;2020-05-15T14:00:00;Value;9561;0
TS15;2020-05-15T15:00:00;Value;9435;0
TS15;2020-05-15T16:00:00;Value;8910;0
TS15;2020-05-15T17:00:00;Value;8917;0
TS15;2020-05-15T18:00:00;Value;9199;0
TS15;2020-05-15T19:00:00;Value;9633;0
TS15;2020-05-15T20:00:00;Value;9356;0
TS15;2020-05-15T21:00:00;Value;8632;0
TS15;2020-05-15T22:00:00;Value;7253;0
TS15;2020-05-15T23:00:00;Value;6152;0
TS15;2020-05-16T00:00:00;Value;5417;0
TS15;2020-05-16T01:00:00;Value;5869;0
TS15;2020-05-16T02:00:00;Value;5328;0
TS15;2020-05-16T03:00:00;Value;5011;0
TS15;2020-05-16T04:00:00;Value;5694;0
TS15;2020-05-16T05:00:00;Value;7367;0
TS15;2020-05-16T06:00:00;Value;9274;0
TS15;2020-05-16T07:00:00;Value;11018;0
TS15;2020-05-16T08:00:00;Value;12292;0
TS15;2020-05-16T09:00:00;Value;12804;0
TS15;2020-05-16T10:00:00;Value;13116;0
TS15;2020-05-16T11:00:00;Value;13135;0
TS15;2020-05-16T12:00:00;Value;13000;0
TS15;2020-05-16T13:00:00;Value;12263;0
TS15;2020-05-16T14:00:00;Value;12384;0
TS15;2020-05-16T15:00:00;Value;12380;0
TS15;2020-05-16T16:00:00;Value;12317;0
TS15;2020-05-16T17:00:00;Value;12289;0
TS15;2020-05-16T18:00:00;Value;12457;0
TS15;2020-05-16T19:00:00;Value;12742;0
TS15;2020-05-16T20:00:00;Value;12895;0
TS15;2020-05-16T21:00:00;Value;11794;0
TS15;2020-05-16T22:00:00;Value;10088;0
TS15;2020-05-16T23:00:00;Value;8499;0
TS15;2020-05-17T00:00:00;Value;6978;0
TS15;2020-05-17T01:00:00;Value;5895;0
TS15;2020-05-17T02:00:00;Value;5324;0
TS15;2020-05-17T03:00:00;Value;5264;0
TS15;2020-05-17T04:00:00;Value;5894;0
TS15;2020-05-17T05:00:00;Value;7677;0
TS15;2020-05-17T06:00:00;Value;9407;0
TS15;2020-05-17T07:00:00;Value;10816;0
TS15;2020-05-17T08:00:00;Value;12032;0
TS15;2020-05-17T09:00:00;Value;12054;0
TS15;2020-05-17T10:00:00;Value;12426;0
TS15;2020-05-17T11:00:00;Value;12021;0
TS15;2020-05-17T12:00:00;Value;11775;0
TS15;2020-05-17T13:00:00;Value;11630;0
TS15;2020-05-17T14:00:00;Value;12443;0
TS15;2020-05-17T15:00:00;Value;12833;0
TS15;2020-05-17T16:00:00;Value;11403;0
TS15;2020-05-17T17:00:00;Value;11793;0
TS15;2020-05-17T18:00:00;Value;11884;0
TS15;2020-05-17T19:00:00;Value;12401;0
TS15;2020-05-17T20:00:00;Value;12671;0
TS15;2020-05-17T21:00:00;Value;11509;0
TS15;2020-05-17T22:00:00;Value;9662;0
TS15;2020-05-17T23:00:00;Value;8013;0
TS15;2020-05-18T00:00:00;Value;6877;0
TS15;2020-05-18T01:00:00;Value;6257;0
TS15;2020-05-18T02:00:00;Value;5395;0
TS15;2020-05-18T03:00:00;Value;5246;0
TS15;2020-05-18T04:00:00;Value;5603;0
TS15;2020-05-18T05:00:00;Value;7097;0
TS15;2020-05-18T06:00:00;Value;9127;0
TS15;2020-05-18T07:00:00;Value;10535;0
TS15;2020-05-18T08:00:00;Value;11486;0
TS15;2020-05-18T09:00:00;Value;11836;0
TS15;2020-05-18T10:00:00;Value;11796;0
TS15;2020-05-18T11:00:00;Value;11975;0
TS15;2020-05-18T12:00:00;Value;11634;0
TS15;2020-05-18T13:00:00;Value;10714;0
TS15;2020-05-18T14:00:00;Value;10877;0
TS15;2020-05-18T15:00:00;Value;11428;0
TS15;2020-05-18T16:00:00;Value;11228;0
TS15;2020-05-18T17:00:00;Value;11733;0
TS15;2020-05-18T18:00:00;Value;11818;0
TS15;2020-05-18T19:00:00;Value;12395;0
TS15;2020-05-18T20:00:00;Value;12577;0
TS15;2020-05-18T21:00:00;Value;11688;0
TS15;2020-05-18T22:00:00;Value;10145;0
TS15;2020-05-18T23:00:00;Value;8682;0
TS15;2020-05-19T00:00:00;Value;7257;0
TS15;2020-05-19T01:00:00;Value;6229;0
TS15;2020-05-19T02:00:00;Value;5493;0
TS15;2020-05-19T03:00:00;Value;5459;0
TS15;2020-05-19T04:00:00;Value;6277;0
TS15;2020-05-19T05:00:00;Value;7848;0
TS15;2020-05-19T06:00:00;Value;9890;0
TS15;2020-05-19T07:00:00;Value;11795;0
TS15;2020-05-19T08:00:00;Value;13244;0
TS15;2020-05-19T09:00:00;Value;13329;0
TS15;2020-05-19T10:00:00;Value;13462;0
TS15;2020-05-19T11:00:00;Value;13701;0
TS15;2020-05-19T12:00:00;Value;13218;0
TS15;2020-05-19T13:00:00;Value;12676;0
TS15;2020-05-19T14:00:00;Value;12568;0
TS15;2020-05-19T15:00:00;Value;12783;0
TS15;2020-05-19T16:00:00;Value;12616;0
TS15;2020-05-19T17:00:00;Value;12806;0
TS15;2020-05-19T18:00:00;Value;12702;0
TS15;2020-05-19T19:00:00;Value;13113;0
TS15;2020-05-19T20:00:00;Value;13102;0
TS15;2020-05-19T21:00:00;Value;12345;0
TS15;2020-05-19T22:00:00;Value;10459;0
TS15;2020-05-19T23:00:00;Value;8500;0
TS15;2020-05-20T00:00:00;Value;7380;0
TS15;2020-05-20T01:00:00;Value;5726;0
TS15;2020-05-20T02:00:00;Value;5230;0
TS15;2020-05-20T03:00:00;Value;5033;0
TS15;2020-05-20T04:00:00;Value;5476;0
TS15;2020-05-20T05:00:00;Value;7143;0
TS15;2020-05-20T06:00:00;Value;9078;0
TS15;2020-05-20T07:00:00;Value;10553;0
TS15;2020-05-20T08:00:00;Value;11465;0
TS15;2020-05-20T09:00:00;Value;11718;0
TS15;2020-05-20T10:00:00;Value;11642;0
TS15;2020-05-20T11:00:00;Value;11518;0
TS15;2020-05-20T12:00:00;Value;10878;0
TS15;2020-05-20T13:00:00;Value;10918;0
TS15;2020-05-20T14:00:00;Value;10950;0
TS15;2020-05-20T15:00:00;Value;11000;0
TS15;2020-05-20T16:00:00;Value;11063;0
TS15;2020-05-20T17:00:00;Value;10694;0
TS15;2020-05-20T18:00:00;Value;10664;0
TS15;2020-05-20T19:00:00;Value;10616;0
TS15;2020-05-20T20:00:00;Value;10781;0
TS15;2020-05-20T21:00:00;Value;10289;0
TS15;2020-05-20T22:00:00;Value;9441;0
TS15;2020-05-20T23:00:00;Value;8033;0
TS15;2020-05-21T00:00:00;Value;6642;0
TS15;2020-05-21T01:00:00;Value;6089;0
TS15;2020-05-21T02:00:00;Value;5362;0
TS15;2020-05-21T03:00:00;Value;4878;0
TS15;2020-05-21T04:00:00;Value;5251;0
TS15;2020-05-21T05:00:00;Value;6084;0
TS15;2020-05-21T06:00:00;Value;8367;0
TS15;2020-05-21T07:00:00;Value;11012;0
TS15;2020-05-21T08:00:00;Value;12525;0
TS15;2020-05-21T09:00:00;Value;13761;0
TS15;2020-05-21T10:00:00;Value;13968;0
TS15;2020-05-21T11:00:00;Value;13042;0
TS15;2020-05-21T12:00:00;Value;12023;0
TS15;2020-05-21T13:00:00;Value;11719;0
TS15;2020-05-21T14:00:00;Value;11099;0
TS15;2020-05-21T15:00:00;Value;11022;0
TS15;2020-05-21T16:00:00;Value;10641;0
TS15;2020-05-21T17:00:00;Value;10496;0
TS15;2020-05-21T18:00:00;Value;10420;0
TS15;2020-05-21T19:00:00;Value;10218;0
TS15;2020-05-21T20:00:00;Value;10615;0
TS15;2020-05-21T21:00:00;Value;10058;0
TS15;2020-05-21T22:00:00;Value;9045;0
TS15;2020-05-21T23:00:00;Value;7815;0
TS15;2020-05-22T00:00:00;Value;6834;0
TS15;2020-05-22T01:00:00;Value;4540;0
TS15;2020-05-22T02:00:00;Value;4281;0
TS15;2020-05-22T03:00:00;Value;3960;0
TS15;2020-05-22T04:00:00;Value;4017;0
TS15;2020-05-22T05:00:00;Value;4613;0
TS15;2020-05-22T06:00:00;Value;5838;0
TS15;2020-05-22T07:00:00;Value;7006;0
TS15;2020-05-22T08:00:00;Value;8067;0
TS15;2020-05-22T09:00:00;Value;8856;0
TS15;2020-05-22T10:00:00;Value;8571;0
TS15;2020-05-22T11:00:00;Value;8628;0
TS15;2020-05-22T12:00:00;Value;8647;0
TS15;2020-05-22T13:00:00;Value;8537;0
TS15;2020-05-22T14:00:00;Value;8532;0
TS15;2020-05-22T15:00:00;Value;8321;0
TS15;2020-05-22T16:00:00;Value;7917;0
TS15;2020-05-22T17:00:00;Value;7758;0
TS15;2020-05-22T18:00:00;Value;8131;0
TS15;2020-05-22T19:00:00;Value;8757;0
TS15;2020-05-22T20:00:00;Value;8317;0
TS15;2020-05-22T21:00:00;Value;7200;0
TS15;2020-05-22T22:00:00;Value;6251;0
TS15;2020-05-22T23:00:00;Value;5393;0
TS15;2020-05-23T00:00:00;Value;5198;0
TS15;2020-05-23T01:00:00;Value;4872;0
TS15;2020-05-23T02:00:00;Value;4668;0
TS15;2020-05-23T03:00:00;Value;5269;0
TS15;2020-05-23T04:00:00;Value;6392;0
TS15;2020-05-23T05:00:00;Value;7701;0
TS15;2020-05-23T06:00:00;Value;9145;0
TS15;2020-05-23T07:00:00;Value;10376;0
TS15;2020-05-23T08:00:00;Value;10891;0
TS15;2020-05-23T09:00:00;Value;11282;0
TS15;2020-05-23T10:00:00;Value;11474;0
TS15;2020-05-23T11:00:00;Value;11406;0
TS15;2020-05-23T12:00:00;Value;11208;0
TS15;2020-05-23T13:00:00;Value;11010;0
TS15;2020-05-23T14:00:00;Value;11440;0
TS15;2020-05-23T15:00:00;Value;10702;0
TS15;2020-05-23T16:00:00;Value;11097;0
TS15;2020-05-23T17:00:00;Value;11120;0
TS15;2020-05-23T18:00:00;Value;11567;0
TS15;2020-05-23T19:00:00;Value;11640;0
TS15;2020-05-23T20:00:00;Value;11084;0
TS15;2020-05-23T21:00:00;Value;9495;0
TS15;2020-05-23T22:00:00;Value;7591;0
TS15;2020-05-23T23:00:00;Value;6316;0
TS15;2020-05-24T00:00:00;Value;6468;0
TS15;2020-05-24T01:00:00;Value;5596;0
TS15;2020-05-24T02:00:00;Value;5529;0
TS15;2020-05-24T03:00:00;Value;6064;0
TS15;2020-05-24T04:00:00;Value;7329;0
TS15;2020-05-24T05:00:00;Value;9243;0
TS15;2020-05-24T06:00:00;Value;10973;0
TS15;2020-05-24T07:00:00;Value;12448;0
TS15;2020-05-24T08:00:00;Value;13005;0
TS15;2020-05-24T09:00:00;Value;13778;0
TS15;2020-05-24T10:00:00;Value;13458;0
TS15;2020-05-24T11:00:00;Value;13666;0
TS15;2020-05-24T12:00:00;Value;13085;0
TS15;2020-05-24T13:00:00;Value;13167;0
TS15;2020-05-24T14:00:00;Value;12852;0
TS15;2020-05-24T15:00:00;Value;12952;0
TS15;2020-05-24T16:00:00;Value;12936;0
TS15;2020-05-24T17:00:00;Value;12779;0
TS15;2020-05-24T18:00:00;Value;13373;0
TS15;2020-05-24T19:00:00;Value;13824;0
TS15;2020-05-24T20:00:00;Value;12781;0
TS15;2020-05-24T21:00:00;Value;11224;0
TS15;2020-05-24T22:00:00;Value;8822;0
TS15;2020-05-24T23:00:00;Value;7357;0
TS15;2020-05-25T00:00:00;Value;5777;0
TS15;2020-05-25T01:00:00;Value;5018;0
TS15;2020-05-25T02:00:00;Value;4909;0
TS15;2020-05-25T03:00:00;Value;5114;0
TS15;2020-05-25T04:00:00;Value;5998;0
TS15;2020-05-25T05:00:00;Value;7503;0
TS15;2020-05-25T06:00:00;Value;8917;0
TS15;2020-05-25T07:00:00;Value;9889;0
TS15;2020-05-25T08:00:00;Value;10249;0
TS15;2020-05-25T09:00:00;Value;10363;0
TS15;2020-05-25T10:00:00;Value;10306;0
TS15;2020-05-25T11:00:00;Value;9851;0
TS15;2020-05-25T12:00:00;Value;9889;0
TS15;2020-05-25T13:00:00;Value;9981;0
TS15;2020-05-25T14:00:00;Value;11797;0
TS15;2020-05-25T15:00:00;Value;11994;0
TS15;2020-05-25T16:00:00;Value;11175;0
TS15;2020-05-25T17:00:00;Value;11704;0
TS15;2020-05-25T18:00:00;Value;11593;0
TS15;2020-05-25T19:00:00;Value;11869;0
TS15;2020-05-25T20:00:00;Value;11530;0
TS15;2020-05-25T21:00:00;Value;9631;0
TS15;2020-05-25T22:00:00;Value;7906;0
TS15;2020-05-25T23:00:00;Value;6723;0
TS15;2020-05-26T00:00:00;Value;6289;0
TS15;2020-05-26T01:00:00;Value;5427;0
TS15;2020-05-26T02:00:00;Value;5154;0
TS15;2020-05-26T03:00:00;Value;5913;0
TS15;2020-05-26T04:00:00;Value;7147;0
TS15;2020-05-26T05:00:00;Value;8996;0
TS15;2020-05-26T06:00:00;Value;10522;0
TS15;2020-05-26T07:00:00;Value;11777;0
TS15;2020-05-26T08:00:00;Value;12357;0
TS15;2020-05-26T09:00:00;Value;12664;0
TS15;2020-05-26T10:00:00;Value;12352;0
TS15;2020-05-26T11:00:00;Value;11884;0
TS15;2020-05-26T12:00:00;Value;12349;0
TS15;2020-05-26T13:00:00;Value;11976;0
TS15;2020-05-26T14:00:00;Value;12360;0
TS15;2020-05-26T15:00:00;Value;12421;0
TS15;2020-05-26T16:00:00;Value;12053;0
TS15;2020-05-26T17:00:00;Value;12168;0
TS15;2020-05-26T18:00:00;Value;12599;0
TS15;2020-05-26T19:00:00;Value;12728;0
TS15;2020-05-26T20:00:00;Value;11923;0
TS15;2020-05-26T21:00:00;Value;10121;0
TS15;2020-05-26T22:00:00;Value;8231;0
TS15;2020-05-26T23:00:00;Value;6753;0
TS15;2020-05-27T00:00:00;Value;5899;0
TS15;2020-05-27T01:00:00;Value;5278;0
TS15;2020-05-27T02:00:00;Value;4868;0
TS15;2020-05-27T03:00:00;Value;5346;0
TS15;2020-05-27T04:00:00;Value;6814;0
TS15;2020-05-27T05:00:00;Value;8350;0
TS15;2020-05-27T06:00:00;Value;9981;0
TS15;2020-05-27T07:00:00;Value;11085;0
TS15;2020-05-27T08:00:00;Value;11678;0
TS15;2020-05-27T09:00:00;Value;12139;0
TS15;2020-05-27T10:00:00;Value;11954;0
TS15;2020-05-27T11:00:00;Value;11643;0
TS15;2020-05-27T12:00:00;Value;11162;0
TS15;2020-05-27T13:00:00;Value;11646;0
TS15;2020-05-27T14:00:00;Value;11447;0
TS15;2020-05-27T15:00:00;Value;11595;0
TS15;2020-05-27T16:00:00;Value;11279;0
TS15;2020-05-27T17:00:00;Value;11316;0
TS15;2020-05-27T18:00:00;Value;11083;0
TS15;2020-05-27T19:00:00;Value;11243;0
TS15;2020-05-27T20:00:00;Value;10644;0
TS15;2020-05-27T21:00:00;Value;9675;0
TS15;2020-05-27T22:00:00;Value;8316;0
TS15;2020-05-27T23:00:00;Value;6798;0
TS15;2020-05-28T00:00:00;Value;6126;0
TS15;2020-05-28T01:00:00;Value;5296;0
TS15;2020-05-28T02:00:00;Value;4964;0
TS15;2020-05-28T03:00:00;Value;5038;0
TS15;2020-05-28T04:00:00;Value;5420;0
TS15;2020-05-28T05:00:00;Value;7098;0
TS15;2020-05-28T06:00:00;Value;9308;0
TS15;2020-05-28T07:00:00;Value;11216;0
TS15;2020-05-28T08:00:00;Value;12228;0
TS15;2020-05-28T09:00:00;Value;12801;0
TS15;2020-05-28T10:00:00;Value;12367;0
TS15;2020-05-28T11:00:00;Value;12085;0
TS15;2020-05-28T12:00:00;Value;11855;0
TS15;2020-05-28T13:00:00;Value;11425;0
TS15;2020-05-28T14:00:00;Value;11338;0
TS15;2020-05-28T15:00:00;Value;11217;0
TS15;2020-05-28T16:00:00;Value;10635;0
TS15;2020-05-28T17:00:00;Value;10554;0
TS15;2020-05-28T18:00:00;Value;10564;0
TS15;2020-05-28T19:00:00;Value;10877;0
TS15;2020-05-28T20:00:00;Value;10569;0
TS15;2020-05-28T21:00:00;Value;9643;0
TS15;2020-05-28T22:00:00;Value;8228;0
TS15;2020-05-28T23:00:00;Value;6908;0
TS15;2020-05-29T00:00:00;Value;5760;0
TS15;2020-05-29T01:00:00;Value;5149;0
TS15;2020-05-29T02:00:00;Value;4939;0
TS15;2020-05-29T03:00:00;Value;4744;0
TS15;2020-05-29T04:00:00;Value;5113;0
TS15;2020-05-29T05:00:00;Value;6566;0
TS15;2020-05-29T06:00:00;Value;8894;0
TS15;2020-05-29T07:00:00;Value;10989;0
TS15;2020-05-29T08:00:00;Value;12179;0
TS15;2020-05-29T09:00:00;Value;12547;0
TS34;2020-05-12T18:00:00;Value;19460;0
TS34;2020-05-12T19:00:00;Value;15159;0
TS34;2020-05-12T20:00:00;Value;11488;0
TS34;2020-05-12T21:00:00;Value;9762;0
TS34;2020-05-12T22:00:00;Value;9589;0
TS34;2020-05-12T23:00:00;Value;8467;0
TS34;2020-05-13T00:00:00;Value;9512;0
TS34;2020-05-13T01:00:00;Value;12502;0
TS34;2020-05-13T02:00:00;Value;15790;0
TS34;2020-05-13T03:00:00;Value;19242;0
TS34;2020-05-13T04:00:00;Value;25063;0
TS34;2020-05-13T05:00:00;Value;29334;0
TS34;2020-05-13T06:00:00;Value;29618;0
TS34;2020-05-13T07:00:00;Value;28463;0
TS34;2020-05-13T08:00:00;Value;27623;0
TS34;2020-05-13T09:00:00;Value;28153;0
TS34;2020-05-13T10:00:00;Value;28700;0
TS34;2020-05-13T11:00:00;Value;5117;1
TS34;2020-05-13T12:00:00;Value;8675;0
TS34;2020-05-13T13:00:00;Value;26526;0
TS34;2020-05-13T14:00:00;Value;25745;0
TS34;2020-05-13T15:00:00;Value;25585;0
TS34;2020-05-13T16:00:00;Value;26490;0
TS34;2020-05-13T17:00:00;Value;24764;0
TS34;2020-05-13T18:00:00;Value;18306;0
TS34;2020-05-13T19:00:00;Value;15253;0
TS34;2020-05-13T20:00:00;Value;11103;0
TS34;2020-05-13T21:00:00;Value;10497;0
TS34;2020-05-13T22:00:00;Value;8777;0
TS34;2020-05-13T23:00:00;Value;9232;0
TS34;2020-05-14T00:00:00;Value;9057;0
TS34;2020-05-14T01:00:00;Value;10719;0
TS34;2020-05-14T02:00:00;Value;12475;0
TS34;2020-05-14T03:00:00;Value;15962;0
TS34;2020-05-14T04:00:00;Value;19574;0
TS34;2020-05-14T05:00:00;Value;21846;0
TS34;2020-05-14T06:00:00;Value;22618;0
TS34;2020-05-14T07:00:00;Value;23810;0
TS34;2020-05-14T08:00:00;Value;23250;0
TS34;2020-05-14T09:00:00;Value;22743;0
TS34;2020-05-14T10:00:00;Value;22836;0
TS34;2020-05-14T11:00:00;Value;22005;0
TS34;2020-05-14T12:00:00;Value;22208;0
TS34;2020-05-14T13:00:00;Value;22386;0
TS34;2020-05-14T14:00:00;Value;22160;0
TS34;2020-05-14T15:00:00;Value;22302;0
TS34;2020-05-14T16:00:00;Value;21836;0
TS34;2020-05-14T17:00:00;Value;21218;0
TS34;2020-05-14T18:00:00;Value;16551;0
TS34;2020-05-14T19:00:00;Value;12590;0
TS34;2020-05-14T20:00:00;Value;11551;0
TS34;2020-05-14T21:00:00;Value;10759;0
TS34;2020-05-14T22:00:00;Value;8450;0
TS34;2020-05-14T23:00:00;Value;9485;0
TS34;2020-05-15T00:00:00;Value;8542;0
TS34;2020-05-15T01:00:00;Value;9694;0
TS34;2020-05-15T02:00:00;Value;10344;0
TS34;2020-05-15T03:00:00;Value;13760;0
TS34;2020-05-15T04:00:00;Value;17784;0
TS34;2020-05-15T05:00:00;Value;22974;0
TS34;2020-05-15T06:00:00;Value;25425;0
TS34;2020-05-15T07:00:00;Value;27612;0
TS34;2020-05-15T08:00:00;Value;27242;0
TS34;2020-05-15T09:00:00;Value;27293;0
TS34;2020-05-15T10:00:00;Value;26948;0
TS34;2020-05-15T11:00:00;Value;27506;0
TS34;2020-05-15T12:00:00;Value;28595;0
TS34;2020-05-15T13:00:00;Value;30489;0
TS34;2020-05-15T14:00:00;Value;31281;0
TS34;2020-05-15T15:00:00;Value;32892;0
TS34;2020-05-15T16:00:00;Value;30650;0
TS34;2020-05-15T17:00:00;Value;27702;0
TS34;2020-05-15T18:00:00;Value;20636;0
TS34;2020-05-15T19:00:00;Value;17117;0
TS34;2020-05-15T20:00:00;Value;10735;0
TS34;2020-05-15T21:00:00;Value;10924;0
TS34;2020-05-15T22:00:00;Value;9034;0
TS34;2020-05-15T23:00:00;Value;9270;0
TS34;2020-05-16T00:00:00;Value;9464;0
TS34;2020-05-16T01:00:00;Value;11470;0
TS34;2020-05-16T02:00:00;Value;15297;0
TS34;2020-05-16T03:00:00;Value;20190;0
TS34;2020-05-16T04:00:00;Value;25785;0
TS34;2020-05-16T05:00:00;Value;30145;0
TS34;2020-05-16T06:00:00;Value;31508;0
TS34;2020-05-16T07:00:00;Value;31454;0
TS34;2020-05-16T08:00:00;Value;30275;0
TS34;2020-05-16T09:00:00;Value;31310;0
TS34;2020-05-16T10:00:00;Value;30340;0
TS34;2020-05-16T11:00:00;Value;32911;0
TS34;2020-05-16T12:00:00;Value;32528;0
TS34;2020-05-16T13:00:00;Value;32739;0
TS34;2020-05-16T14:00:00;Value;32759;0
TS34;2020-05-16T15:00:00;Value;35830;0
TS34;2020-05-16T16:00:00;Value;36886;0
TS34;2020-05-16T17:00:00;Value;30992;0
TS34;2020-05-16T18:00:00;Value;21746;0
TS34;2020-05-16T19:00:00;Value;15621;0
TS34;2020-05-16T20:00:00;Value;11327;0
TS34;2020-05-16T21:00:00;Value;10021;0
TS34;2020-05-16T22:00:00;Value;8936;0
TS34;2020-05-16T23:00:00;Value;9210;0
TS34;2020-05-17T00:00:00;Value;9044;0
TS34;2020-05-17T01:00:00;Value;12654;0
TS34;2020-05-17T02:00:00;Value;16151;0
TS34;2020-05-17T03:00:00;Value;21488;0
TS34;2020-05-17T04:00:00;Value;25775;0
TS34;2020-05-17T05:00:00;Value;29218;0
TS34;2020-05-17T06:00:00;Value;30188;0
TS34;2020-05-17T07:00:00;Value;30406;0
TS34;2020-05-17T08:00:00;Value;29484;0
TS34;2020-05-17T09:00:00;Value;30401;0
TS34;2020-05-17T10:00:00;Value;31751;0
TS34;2020-05-17T11:00:00;Value;29563;0
TS34;2020-05-17T12:00:00;Value;32085;0
TS34;2020-05-17T13:00:00;Value;33113;0
TS34;2020-05-17T14:00:00;Value;33753;0
TS34;2020-05-17T15:00:00;Value;33833;0
TS34;2020-05-17T16:00:00;Value;34199;0
TS34;2020-05-17T17:00:00;Value;29867;0
TS34;2020-05-17T18:00:00;Value;21145;0
TS34;2020-05-17T19:00:00;Value;15005;0
TS34;2020-05-17T20:00:00;Value;11359;0
TS34;2020-05-17T21:00:00;Value;10195;0
TS34;2020-05-17T22:00:00;Value;8219;0
TS34;2020-05-17T23:00:00;Value;9306;0
TS34;2020-05-18T00:00:00;Value;8959;0
TS34;2020-05-18T01:00:00;Value;12175;0
TS34;2020-05-18T02:00:00;Value;16163;0
TS34;2020-05-18T03:00:00;Value;20885;0
TS34;2020-05-18T04:00:00;Value;25826;0
TS34;2020-05-18T05:00:00;Value;28852;0
TS34;2020-05-18T06:00:00;Value;28792;0
TS34;2020-05-18T07:00:00;Value;29186;0
TS34;2020-05-18T08:00:00;Value;28963;0
TS34;2020-05-18T09:00:00;Value;28392;0
TS34;2020-05-18T10:00:00;Value;28838;0
TS34;2020-05-18T11:00:00;Value;29052;0
TS34;2020-05-18T12:00:00;Value;30725;0
TS34;2020-05-18T13:00:00;Value;29838;0
TS34;2020-05-18T14:00:00;Value;31235;0
TS34;2020-05-18T15:00:00;Value;32639;0
TS34;2020-05-18T16:00:00;Value;32534;0
TS34;2020-05-18T17:00:00;Value;28450;0
TS34;2020-05-18T18:00:00;Value;21123;0
TS34;2020-05-18T19:00:00;Value;14624;0
TS34;2020-05-18T20:00:00;Value;10344;0
TS34;2020-05-18T21:00:00;Value;9406;0
TS34;2020-05-18T22:00:00;Value;7957;0
TS34;2020-05-18T23:00:00;Value;8771;0
TS34;2020-05-19T00:00:00;Value;8638;0
TS34;2020-05-19T01:00:00;Value;12632;0
TS34;2020-05-19T02:00:00;Value;15592;0
TS34;2020-05-19T03:00:00;Value;20355;0
TS34;2020-05-19T04:00:00;Value;25244;0
TS34;2020-05-19T05:00:00;Value;27205;0
TS34;2020-05-19T06:00:00;Value;28618;0
TS34;2020-05-19T07:00:00;Value;27814;0
TS34;2020-05-19T08:00:00;Value;28350;0
TS34;2020-05-19T09:00:00;Value;26815;0
TS34;2020-05-19T10:00:00;Value;28070;0
TS34;2020-05-19T11:00:00;Value;27967;0
TS34;2020-05-19T12:00:00;Value;28163;0
TS34;2020-05-19T13:00:00;Value;27865;0
TS34;2020-05-19T14:00:00;Value;28768;0
TS34;2020-05-19T15:00:00;Value;31173;0
TS34;2020-05-19T16:00:00;Value;31138;0
TS34;2020-05-19T17:00:00;Value;28206;0
TS34;2020-05-19T18:00:00;Value;21956;0
TS34;2020-05-19T19:00:00;Value;14830;0
TS34;2020-05-19T20:00:00;Value;10973;0
TS34;2020-05-19T21:00:00;Value;9374;0
TS34;2020-05-19T22:00:00;Value;8943;0
TS34;2020-05-19T23:00:00;Value;9098;0
TS34;2020-05-20T00:00:00;Value;8713;0
TS34;2020-05-20T01:00:00;Value;11944;0
TS34;2020-05-20T02:00:00;Value;15051;0
TS34;2020-05-20T03:00:00;Value;20978;0
TS34;2020-05-20T04:00:00;Value;24837;0
TS34;2020-05-20T05:00:00;Value;28855;0
TS34;2020-05-20T06:00:00;Value;28785;0
TS34;2020-05-20T07:00:00;Value;28180;0
TS34;2020-05-20T08:00:00;Value;28582;0
TS34;2020-05-20T09:00:00;Value;27821;0
TS34;2020-05-20T10:00:00;Value;27173;0
TS34;2020-05-20T11:00:00;Value;26478;0
TS34;2020-05-20T12:00:00;Value;27333;0
TS34;2020-05-20T13:00:00;Value;24333;0
TS34;2020-05-20T14:00:00;Value;25052;0
TS34;2020-05-20T15:00:00;Value;25804;0
TS34;2020-05-20T16:00:00;Value;25325;0
TS34;2020-05-20T17:00:00;Value;24442;0
TS34;2020-05-20T18:00:00;Value;18935;0
TS34;2020-05-20T19:00:00;Value;16563;0
TS34;2020-05-20T20:00:00;Value;12534;0
TS34;2020-05-20T21:00:00;Value;10251;0
TS34;2020-05-20T22:00:00;Value;10439;0
TS34;2020-05-20T23:00:00;Value;10577;0
TS34;2020-05-21T00:00:00;Value;9127;0
TS34;2020-05-21T01:00:00;Value;9424;0
TS34;2020-05-21T02:00:00;Value;11481;0
TS34;2020-05-21T03:00:00;Value;15651;0
TS34;2020-05-21T04:00:00;Value;20075;0
TS34;2020-05-21T05:00:00;Value;23530;0
TS34;2020-05-21T06:00:00;Value;23576;0
TS34;2020-05-21T07:00:00;Value;24216;0
TS34;2020-05-21T08:00:00;Value;24677;0
TS34;2020-05-21T09:00:00;Value;23763;0
TS34;2020-05-21T10:00:00;Value;23828;0
TS34;2020-05-21T11:00:00;Value;23513;0
TS34;2020-05-21T12:00:00;Value;23591;0
TS34;2020-05-21T13:00:00;Value;23494;0
TS34;2020-05-21T14:00:00;Value;24936;0
TS34;2020-05-21T15:00:00;Value;25378;0
TS34;2020-05-21T16:00:00;Value;25521;0
TS34;2020-05-21T17:00:00;Value;23158;0
TS34;2020-05-21T18:00:00;Value;21170;0
TS34;2020-05-21T19:00:00;Value;17587;0
TS34;2020-05-21T20:00:00;Value;13200;0
TS34;2020-05-21T21:00:00;Value;12363;0
TS34;2020-05-21T22:00:00;Value;11251;0
TS34;2020-05-21T23:00:00;Value;12822;0
TS34;2020-05-22T00:00:00;Value;11082;0
TS34;2020-05-22T01:00:00;Value;9757;0
TS34;2020-05-22T02:00:00;Value;11545;0
TS34;2020-05-22T03:00:00;Value;15847;0
TS34;2020-05-22T04:00:00;Value;19463;0
TS34;2020-05-22T05:00:00;Value;23204;0
TS34;2020-05-22T06:00:00;Value;26667;0
TS34;2020-05-22T07:00:00;Value;27248;0
TS34;2020-05-22T08:00:00;Value;27018;0
TS34;2020-05-22T09:00:00;Value;26795;0
TS34;2020-05-22T10:00:00;Value;26175;0
TS34;2020-05-22T11:00:00;Value;28427;0
TS34;2020-05-22T12:00:00;Value;28161;0
TS34;2020-05-22T13:00:00;Value;30274;0
TS34;2020-05-22T14:00:00;Value;32594;0
TS34;2020-05-22T15:00:00;Value;38024;0
TS34;2020-05-22T16:00:00;Value;36265;0
TS34;2020-05-22T17:00:00;Value;39546;0
TS34;2020-05-22T18:00:00;Value;57503;1
TS34;2020-05-22T19:00:00;Value;53454;1
TS34;2020-05-22T20:00:00;Value;49810;1
TS34;2020-05-22T21:00:00;Value;47563;1
TS34;2020-05-22T22:00:00;Value;29600;0
TS34;2020-05-22T23:00:00;Value;15530;0
TS34;2020-05-23T00:00:00;Value;11620;0
TS34;2020-05-23T01:00:00;Value;13898;0
TS34;2020-05-23T02:00:00;Value;18051;0
TS34;2020-05-23T03:00:00;Value;22219;0
TS34;2020-05-23T04:00:00;Value;27833;0
TS34;2020-05-23T05:00:00;Value;32100;0
TS34;2020-05-23T06:00:00;Value;33540;0
TS34;2020-05-23T07:00:00;Value;33295;0
TS34;2020-05-23T08:00:00;Value;33080;0
TS34;2020-05-23T09:00:00;Value;34492;0
TS34;2020-05-23T10:00:00;Value;35153;0
TS34;2020-05-23T11:00:00;Value;33699;0
TS34;2020-05-23T12:00:00;Value;34714;0
TS34;2020-05-23T13:00:00;Value;33618;0
TS34;2020-05-23T14:00:00;Value;34757;0
TS34;2020-05-23T15:00:00;Value;37987;0
TS34;2020-05-23T16:00:00;Value;39469;0
TS34;2020-05-23T17:00:00;Value;33306;0
TS34;2020-05-23T18:00:00;Value;22682;0
TS34;2020-05-23T19:00:00;Value;18349;0
TS34;2020-05-23T20:00:00;Value;14231;0
TS34;2020-05-23T21:00:00;Value;13582;0
TS34;2020-05-23T22:00:00;Value;11825;0
TS34;2020-05-23T23:00:00;Value;11398;0
TS34;2020-05-24T00:00:00;Value;12414;0
TS34;2020-05-24T01:00:00;Value;15244;0
TS34;2020-05-24T02:00:00;Value;18709;0
TS34;2020-05-24T03:00:00;Value;22931;0
TS34;2020-05-24T04:00:00;Value;28842;0
TS34;2020-05-24T05:00:00;Value;31640;0
TS34;2020-05-24T06:00:00;Value;32865;0
TS34;2020-05-24T07:00:00;Value;32623;0
TS34;2020-05-24T08:00:00;Value;32908;0
TS34;2020-05-24T09:00:00;Value;32565;0
TS34;2020-05-24T10:00:00;Value;32919;0
TS34;2020-05-24T11:00:00;Value;32957;0
TS34;2020-05-24T12:00:00;Value;35190;0
TS34;2020-05-24T13:00:00;Value;33487;0
TS34;2020-05-24T14:00:00;Value;35427;0
TS34;2020-05-24T15:00:00;Value;41827;0
TS34;2020-05-24T16:00:00;Value;40259;0
TS34;2020-05-24T17:00:00;Value;34279;0
TS34;2020-05-24T18:00:00;Value;23860;0
TS34;2020-05-24T19:00:00;Value;17506;0
TS34;2020-05-24T20:00:00;Value;13649;0
TS34;2020-05-24T21:00:00;Value;11260;0
TS34;2020-05-24T22:00:00;Value;10742;0
TS34;2020-05-24T23:00:00;Value;11146;0
TS34;2020-05-25T00:00:00;Value;12019;0
TS34;2020-05-25T01:00:00;Value;14151;0
TS34;2020-05-25T02:00:00;Value;19613;0
TS34;2020-05-25T03:00:00;Value;23039;0
TS34;2020-05-25T04:00:00;Value;28265;0
TS34;2020-05-25T05:00:00;Value;32091;0
TS34;2020-05-25T06:00:00;Value;32612;0
TS34;2020-05-25T07:00:00;Value;32507;0
TS34;2020-05-25T08:00:00;Value;32404;0
TS34;2020-05-25T09:00:00;Value;33121;0
TS34;2020-05-25T10:00:00;Value;32752;0
TS34;2020-05-25T11:00:00;Value;246;1
TS34;2020-05-25T12:00:00;Value;34793;0
TS34;2020-05-25T13:00:00;Value;33660;0
TS34;2020-05-25T14:00:00;Value;34965;0
TS34;2020-05-25T15:00:00;Value;38152;0
TS34;2020-05-25T16:00:00;Value;38070;0
TS34;2020-05-25T17:00:00;Value;32657;0
TS34;2020-05-25T18:00:00;Value;23299;0
TS34;2020-05-25T19:00:00;Value;19598;0
TS34;2020-05-25T20:00:00;Value;13234;0
TS34;2020-05-25T21:00:00;Value;11598;0
TS34;2020-05-25T22:00:00;Value;10883;0
TS34;2020-05-25T23:00:00;Value;11036;0
TS34;2020-05-26T00:00:00;Value;11633;0
TS34;2020-05-26T01:00:00;Value;15790;0
TS34;2020-05-26T02:00:00;Value;19068;0
TS34;2020-05-26T03:00:00;Value;22985;0
TS34;2020-05-26T04:00:00;Value;29337;0
TS34;2020-05-26T05:00:00;Value;32134;0
TS34;2020-05-26T06:00:00;Value;30506;0
TS34;2020-05-26T07:00:00;Value;33819;0
TS34;2020-05-26T08:00:00;Value;33250;0
TS34;2020-05-26T09:00:00;Value;32896;0
TS34;2020-05-26T10:00:00;Value;33099;0
TS34;2020-05-26T11:00:00;Value;33539;0
TS34;2020-05-26T12:00:00;Value;33505;0
TS34;2020-05-26T13:00:00;Value;33024;0
TS34;2020-05-26T14:00:00;Value;34014;0
TS34;2020-05-26T15:00:00;Value;36042;0
TS34;2020-05-26T16:00:00;Value;36545;0
TS34;2020-05-26T17:00:00;Value;31068;0
TS34;2020-05-26T18:00:00;Value;23424;0
TS34;2020-05-26T19:00:00;Value;19490;0
TS34;2020-05-26T20:00:00;Value;13232;0
TS34;2020-05-26T21:00:00;Value;11836;0
TS34;2020-05-26T22:00:00;Value;9741;0
TS34;2020-05-26T23:00:00;Value;11249;0
TS34;2020-05-27T00:00:00;Value;11430;0
TS34;2020-05-27T01:00:00;Value;14345;0
TS34;2020-05-27T02:00:00;Value;18895;0
TS34;2020-05-27T03:00:00;Value;23785;0
TS34;2020-05-27T04:00:00;Value;29569;0
TS34;2020-05-27T05:00:00;Value;33916;0
TS34;2020-05-27T06:00:00;Value;33936;0
TS34;2020-05-27T07:00:00;Value;34671;0
TS34;2020-05-27T08:00:00;Value;33351;0
TS34;2020-05-27T09:00:00;Value;33155;0
TS34;2020-05-27T10:00:00;Value;32871;0
TS34;2020-05-27T11:00:00;Value;32683;0
TS34;2020-05-27T12:00:00;Value;31828;0
TS34;2020-05-27T13:00:00;Value;30651;0
TS34;2020-05-27T14:00:00;Value;27865;0
TS34;2020-05-27T15:00:00;Value;30712;0
TS34;2020-05-27T16:00:00;Value;31154;0
TS34;2020-05-27T17:00:00;Value;26185;0
TS34;2020-05-27T18:00:00;Value;21260;0
TS34;2020-05-27T19:00:00;Value;18342;0
TS34;2020-05-27T20:00:00;Value;14217;0
TS34;2020-05-27T21:00:00;Value;13029;0
TS34;2020-05-27T22:00:00;Value;11380;0
TS34;2020-05-27T23:00:00;Value;11373;0
TS34;2020-05-28T00:00:00;Value;11062;0
TS34;2020-05-28T01:00:00;Value;12336;0
TS34;2020-05-28T02:00:00;Value;13178;0
TS34;2020-05-28T03:00:00;Value;17314;0
TS34;2020-05-28T04:00:00;Value;22094;0
TS34;2020-05-28T05:00:00;Value;26118;0
TS34;2020-05-28T06:00:00;Value;26233;0
TS34;2020-05-28T07:00:00;Value;26492;0
TS34;2020-05-28T08:00:00;Value;26814;0
TS34;2020-05-28T09:00:00;Value;26470;0
TS34;2020-05-28T10:00:00;Value;25068;0
TS34;2020-05-28T11:00:00;Value;25334;0
TS34;2020-05-28T12:00:00;Value;26093;0
TS34;2020-05-28T13:00:00;Value;26919;0
TS34;2020-05-28T14:00:00;Value;27595;0
TS34;2020-05-28T15:00:00;Value;27390;0
TS34;2020-05-28T16:00:00;Value;26746;0
TS34;2020-05-28T17:00:00;Value;25214;0
TS34;2020-05-28T18:00:00;Value;21979;0
TS34;2020-05-28T19:00:00;Value;18252;0
TS34;2020-05-28T20:00:00;Value;13938;0
TS34;2020-05-28T21:00:00;Value;13104;0
TS34;2020-05-28T22:00:00;Value;11478;0
TS34;2020-05-28T23:00:00;Value;10859;0
TS34;2020-05-29T00:00:00;Value;10240;0
TS34;2020-05-29T01:00:00;Value;9664;0
TS34;2020-05-29T02:00:00;Value;11219;0
TS34;2020-05-29T03:00:00;Value;14492;0
TS34;2020-05-29T04:00:00;Value;19373;0
TS34;2020-05-29T05:00:00;Value;25206;0
TS34;2020-05-29T06:00:00;Value;27779;0
TS34;2020-05-29T07:00:00;Value;28911;0
TS34;2020-05-29T08:00:00;Value;30168;0
TS34;2020-05-29T09:00:00;Value;29081;0
